emoji,meaning
😀,Grinning Face
😁,Grinning Face With Smiling Eyes
😂,Face With Tears Of Joy
😃,Smiling Face With Open Mouth
😄,Smiling Face With Open Mouth And Smiling Eyes
😅,Smiling Face With Open Mouth And Cold Sweat
😆,Smiling Face With Open Mouth And Tightly-Closed Eyes
😇,Smiling Face With Halo
😈,Smiling Face With Horns
😉,Winking Face
😊,Smiling Face With Smiling Eyes
😋,Face Savouring Delicious Food
😌,Relieved Face
😍,Smiling Face With Heart-Shaped Eyes
😎,Smiling Face With Sunglasses
😏,Smirking Face
😐,Neutral Face
😑,Expressionless Face
😒,Unamused Face
😓,Face With Cold Sweat
😔,Pensive Face
😕,Confused Face
😖,Confounded Face
😗,Kissing Face
😘,Face Throwing A Kiss
😙,Kissing Face With Smiling Eyes
😚,Kissing Face With Closed Eyes
😛,Face With Stuck-Out Tongue
😜,Face With Stuck-Out Tongue And Winking Eye
😝,Face With Stuck-Out Tongue And Tightly-Closed Eyes
😞,Disappointed Face
😟,Worried Face
😠,Angry Face
😡,Pouting Face
😢,Crying Face
😣,Persevering Face
😤,Face With Look Of Triumph
😥,Disappointed But Relieved Face
😦,Frowning Face With Open Mouth
😧,Anguished Face
😨,Fearful Face
😩,Weary Face
😪,Sleepy Face
😫,Tired Face
😬,Grimacing Face
😭,Loudly Crying Face
😮,Face With Open Mouth
😯,Hushed Face
😰,Face With Open Mouth And Cold Sweat
😱,Face Screaming In Fear
😲,Astonished Face
😳,Flushed Face
😴,Sleeping Face
😵,Dizzy Face
😶,Face Without Mouth
😷,Face With Medical Mask
😸,Grinning Cat Face With Smiling Eyes
😹,Cat Face With Tears Of Joy
😺,Smiling Cat Face With Open Mouth
😻,Smiling Cat Face With Heart-Shaped Eyes
😼,Cat Face With Wry Smile
😽,Kissing Cat Face With Closed Eyes
😾,Pouting Cat Face
😿,Crying Cat Face
🙀,Weary Cat Face
🙁,Slightly Frowning Face
🙂,Slightly Smiling Face
🙃,Upside-Down Face
🙄,Face With Rolling Eyes
🙅,Face With No Good Gesture
🙆,Face With Ok Gesture
🙇,Person Bowing Deeply
🙈,See-No-Evil Monkey
🙉,Hear-No-Evil Monkey
🙊,Speak-No-Evil Monkey
🙋,Happy Person Raising One Hand
🙌,Person Raising Both Hands In Celebration
🙍,Person Frowning
🙎,Person With Pouting Face
🙏,Person With Folded Hands
🌀,Cyclone
🌁,Foggy
🌂,Closed Umbrella
🌃,Night With Stars
🌄,Sunrise Over Mountains
🌅,Sunrise
🌆,Cityscape At Dusk
🌇,Sunset Over Buildings
🌈,Rainbow
🌉,Bridge At Night
🌊,Water Wave
🌋,Volcano
🌌,Milky Way
🌍,Earth Globe Europe-Africa
🌎,Earth Globe Americas
🌏,Earth Globe Asia-Australia
🌐,Globe With Meridians
🌑,New Moon Symbol
🌒,Waxing Crescent Moon Symbol
🌓,First Quarter Moon Symbol
🌔,Waxing Gibbous Moon Symbol
🌕,Full Moon Symbol
🌖,Waning Gibbous Moon Symbol
🌗,Last Quarter Moon Symbol
🌘,Waning Crescent Moon Symbol
🌙,Crescent Moon
🌚,New Moon With Face
🌛,First Quarter Moon With Face
🌜,Last Quarter Moon With Face
🌝,Full Moon With Face
🌞,Sun With Face
🌟,Glowing Star
🌠,Shooting Star
🌡,Thermometer
🌢,Black Droplet
🌣,White Sun
🌤,White Sun With Small Cloud
🌥,White Sun Behind Cloud
🌦,White Sun Behind Cloud With Rain
🌧,Cloud With Rain
🌨,Cloud With Snow
🌩,Cloud With Lightning
🌪,Cloud With Tornado
🌫,Fog
🌬,Wind Blowing Face
🌭,Hot Dog
🌮,Taco
🌯,Burrito
🌰,Chestnut
🌱,Seedling
🌲,Evergreen Tree
🌳,Deciduous Tree
🌴,Palm Tree
🌵,Cactus
🌶,Hot Pepper
🌷,Tulip
🌸,Cherry Blossom
🌹,Rose
🌺,Hibiscus
🌻,Sunflower
🌼,Blossom
🌽,Ear Of Maize
🌾,Ear Of Rice
🌿,Herb
🍀,Four Leaf Clover
🍁,Maple Leaf
🍂,Fallen Leaf
🍃,Leaf Fluttering In Wind
🍄,Mushroom
🍅,Tomato
🍆,Aubergine
🍇,Grapes
🍈,Melon
🍉,Watermelon
🍊,Tangerine
🍋,Lemon
🍌,Banana
🍍,Pineapple
🍎,Red Apple
🍏,Green Apple
🍐,Pear
🍑,Peach
🍒,Cherries
🍓,Strawberry
🍔,Hamburger
🍕,Slice Of Pizza
🍖,Meat On Bone
🍗,Poultry Leg
🍘,Rice Cracker
🍙,Rice Ball
🍚,Cooked Rice
🍛,Curry And Rice
🍜,Steaming Bowl
🍝,Spaghetti
🍞,Bread
🍟,French Fries
🍠,Roasted Sweet Potato
🍡,Dango
🍢,Oden
🍣,Sushi
🍤,Fried Shrimp
🍥,Fish Cake With Swirl Design
🍦,Soft Ice Cream
🍧,Shaved Ice
🍨,Ice Cream
🍩,Doughnut
🍪,Cookie
🍫,Chocolate Bar
🍬,Candy
🍭,Lollipop
🍮,Custard
🍯,Honey Pot
🍰,Shortcake
🍱,Bento Box
🍲,Pot Of Food
🍳,Cooking
🍴,Fork And Knife
🍵,Teacup Without Handle
🍶,Sake Bottle And Cup
🍷,Wine Glass
🍸,Cocktail Glass
🍹,Tropical Drink
🍺,Beer Mug
🍻,Clinking Beer Mugs
🍼,Baby Bottle
🍽,Fork And Knife With Plate
🍾,Bottle With Popping Cork
🍿,Popcorn
🎀,Ribbon
🎁,Wrapped Present
🎂,Birthday Cake
🎃,Jack-O-Lantern
🎄,Christmas Tree
🎅,Father Christmas
🎆,Fireworks
🎇,Firework Sparkler
🎈,Balloon
🎉,Party Popper
🎊,Confetti Ball
🎋,Tanabata Tree
🎌,Crossed Flags
🎍,Pine Decoration
🎎,Japanese Dolls
🎏,Carp Streamer
🎐,Wind Chime
🎑,Moon Viewing Ceremony
🎒,School Satchel
🎓,Graduation Cap
🎔,Heart With Tip On The Left
🎕,Bouquet Of Flowers
🎖,Military Medal
🎗,Reminder Ribbon
🎘,Musical Keyboard With Jacks
🎙,Studio Microphone
🎚,Level Slider
🎛,Control Knobs
🎜,Beamed Ascending Musical Notes
🎝,Beamed Descending Musical Notes
🎞,Film Frames
🎟,Admission Tickets
🎠,Carousel Horse
🎡,Ferris Wheel
🎢,Roller Coaster
🎣,Fishing Pole And Fish
🎤,Microphone
🎥,Movie Camera
🎦,Cinema
🎧,Headphone
🎨,Artist Palette
🎩,Top Hat
🎪,Circus Tent
🎫,Ticket
🎬,Clapper Board
🎭,Performing Arts
🎮,Video Game
🎯,Direct Hit
🎰,Slot Machine
🎱,Billiards
🎲,Game Die
🎳,Bowling
🎴,Flower Playing Cards
🎵,Musical Note
🎶,Multiple Musical Notes
🎷,Saxophone
🎸,Guitar
🎹,Musical Keyboard
🎺,Trumpet
🎻,Violin
🎼,Musical Score
🎽,Running Shirt With Sash
🎾,Tennis Racquet And Ball
🎿,Ski And Ski Boot
🏀,Basketball And Hoop
🏁,Chequered Flag
🏂,Snowboarder
🏃,Runner
🏄,Surfer
🏅,Sports Medal
🏆,Trophy
🏇,Horse Racing
🏈,American Football
🏉,Rugby Football
🏊,Swimmer
🏋,Weight Lifter
🏌,Golfer
🏍,Racing Motorcycle
🏎,Racing Car
🏏,Cricket Bat And Ball
🏐,Volleyball
🏑,Field Hockey Stick And Ball
🏒,Ice Hockey Stick And Puck
🏓,Table Tennis Paddle And Ball
🏔,Snow Capped Mountain
🏕,Camping
🏖,Beach With Umbrella
🏗,Building Construction
🏘,House Buildings
🏙,Cityscape
🏚,Derelict House Building
🏛,Classical Building
🏜,Desert
🏝,Desert Island
🏞,National Park
🏟,Stadium
🏠,House Building
🏡,House With Garden
🏢,Office Building
🏣,Japanese Post Office
🏤,European Post Office
🏥,Hospital
🏦,Bank
🏧,Automated Teller Machine
🏨,Hotel
🏩,Love Hotel
🏪,Convenience Store
🏫,School
🏬,Department Store
🏭,Factory
🏮,Izakaya Lantern
🏯,Japanese Castle
🏰,European Castle
🏱,White Pennant
🏲,Black Pennant
🏳,Waving White Flag
🏴,Waving Black Flag
🏵,Rosette
🏶,Black Rosette
🏷,Label
🏸,Badminton Racquet And Shuttlecock
🏹,Bow And Arrow
🏺,Amphora
🏻,Emoji Modifier Fitzpatrick Type-1-2
🏼,Emoji Modifier Fitzpatrick Type-3
🏽,Emoji Modifier Fitzpatrick Type-4
🏾,Emoji Modifier Fitzpatrick Type-5
🏿,Emoji Modifier Fitzpatrick Type-6
🐀,Rat
🐁,Mouse
🐂,Ox
🐃,Water Buffalo
🐄,Cow
🐅,Tiger
🐆,Leopard
🐇,Rabbit
🐈,Cat
🐉,Dragon
🐊,Crocodile
🐋,Whale
🐌,Snail
🐍,Snake
🐎,Horse
🐏,Ram
🐐,Goat
🐑,Sheep
🐒,Monkey
🐓,Rooster
🐔,Chicken
🐕,Dog
🐖,Pig
🐗,Boar
🐘,Elephant
🐙,Octopus
🐚,Spiral Shell
🐛,Bug
🐜,Ant
🐝,Honeybee
🐞,Lady Beetle
🐟,Fish
🐠,Tropical Fish
🐡,Blowfish
🐢,Turtle
🐣,Hatching Chick
🐤,Baby Chick
🐥,Front-Facing Baby Chick
🐦,Bird
🐧,Penguin
🐨,Koala
🐩,Poodle
🐪,Dromedary Camel
🐫,Bactrian Camel
🐬,Dolphin
🐭,Mouse Face
🐮,Cow Face
🐯,Tiger Face
🐰,Rabbit Face
🐱,Cat Face
🐲,Dragon Face
🐳,Spouting Whale
🐴,Horse Face
🐵,Monkey Face
🐶,Dog Face
🐷,Pig Face
🐸,Frog Face
🐹,Hamster Face
🐺,Wolf Face
🐻,Bear Face
🐼,Panda Face
🐽,Pig Nose
🐾,Paw Prints
🐿,Chipmunk
👀,Eyes
👁,Eye
👂,Ear
👃,Nose
👄,Mouth
👅,Tongue
👆,White Up Pointing Backhand Index
👇,White Down Pointing Backhand Index
👈,White Left Pointing Backhand Index
👉,White Right Pointing Backhand Index
👊,Fisted Hand Sign
👋,Waving Hand Sign
👌,Ok Hand Sign
👍,Thumbs Up Sign
👎,Thumbs Down Sign
👏,Clapping Hands Sign
👐,Open Hands Sign
👑,Crown
👒,Womans Hat
👓,Eyeglasses
👔,Necktie
👕,T-Shirt
👖,Jeans
👗,Dress
👘,Kimono
👙,Bikini
👚,Womans Clothes
👛,Purse
👜,Handbag
👝,Pouch
👞,Mans Shoe
👟,Athletic Shoe
👠,High-Heeled Shoe
👡,Womans Sandal
👢,Womans Boots
👣,Footprints
👤,Bust In Silhouette
👥,Busts In Silhouette
👦,Boy
👧,Girl
👨,Man
👩,Woman
👪,Family
👫,Man And Woman Holding Hands
👬,Two Men Holding Hands
👭,Two Women Holding Hands
👮,Police Officer
👯,Woman With Bunny Ears
👰,Bride With Veil
👱,Person With Blond Hair
👲,Man With Gua Pi Mao
👳,Man With Turban
👴,Older Man
👵,Older Woman
👶,Baby
👷,Construction Worker
👸,Princess
👹,Japanese Ogre
👺,Japanese Goblin
👻,Ghost
👼,Baby Angel
👽,Extraterrestrial Alien
👾,Alien Monster
👿,Imp
💀,Skull
💁,Information Desk Person
💂,Guardsman
💃,Dancer
💄,Lipstick
💅,Nail Polish
💆,Face Massage
💇,Haircut
💈,Barber Pole
💉,Syringe
💊,Pill
💋,Kiss Mark
💌,Love Letter
💍,Ring
💎,Gem Stone
💏,Kiss
💐,Bouquet
💑,Couple With Heart
💒,Wedding
💓,Beating Heart
💔,Broken Heart
💕,Two Hearts
💖,Sparkling Heart
💗,Growing Heart
💘,Heart With Arrow
💙,Blue Heart
💚,Green Heart
💛,Yellow Heart
💜,Purple Heart
💝,Heart With Ribbon
💞,Revolving Hearts
💟,Heart Decoration
💠,Diamond Shape With A Dot Inside
💡,Electric Light Bulb
💢,Anger Symbol
💣,Bomb
💤,Sleeping Symbol
💥,Collision Symbol
💦,Splashing Sweat Symbol
💧,Droplet
💨,Dash Symbol
💩,Pile Of Poo
💪,Flexed Biceps
💫,Dizzy Symbol
💬,Speech Balloon
💭,Thought Balloon
💮,White Flower
💯,Hundred Points Symbol
💰,Money Bag
💱,Currency Exchange
💲,Heavy Dollar Sign
💳,Credit Card
💴,Banknote With Yen Sign
💵,Banknote With Dollar Sign
💶,Banknote With Euro Sign
💷,Banknote With Pound Sign
💸,Money With Wings
💹,Chart With Upwards Trend And Yen Sign
💺,Seat
💻,Personal Computer
💼,Briefcase
💽,Minidisc
💾,Floppy Disk
💿,Optical Disc
📀,Dvd
📁,File Folder
📂,Open File Folder
📃,Page With Curl
📄,Page Facing Up
📅,Calendar
📆,Tear-Off Calendar
📇,Card Index
📈,Chart With Upwards Trend
📉,Chart With Downwards Trend
📊,Bar Chart
📋,Clipboard
📌,Pushpin
📍,Round Pushpin
📎,Paperclip
📏,Straight Ruler
📐,Triangular Ruler
📑,Bookmark Tabs
📒,Ledger
📓,Notebook
📔,Notebook With Decorative Cover
📕,Closed Book
📖,Open Book
📗,Green Book
📘,Blue Book
📙,Orange Book
📚,Books
📛,Name Badge
📜,Scroll
📝,Memo
📞,Telephone Receiver
📟,Pager
📠,Fax Machine
📡,Satellite Antenna
📢,Public Address Loudspeaker
📣,Cheering Megaphone
📤,Outbox Tray
📥,Inbox Tray
📦,Package
📧,E-Mail Symbol
📨,Incoming Envelope
📩,Envelope With Downwards Arrow Above
📪,Closed Mailbox With Lowered Flag
📫,Closed Mailbox With Raised Flag
📬,Open Mailbox With Raised Flag
📭,Open Mailbox With Lowered Flag
📮,Postbox
📯,Postal Horn
📰,Newspaper
📱,Mobile Phone
📲,Mobile Phone With Rightwards Arrow At Left
📳,Vibration Mode
📴,Mobile Phone Off
📵,No Mobile Phones
📶,Antenna With Bars
📷,Camera
📸,Camera With Flash
📹,Video Camera
📺,Television
📻,Radio
📼,Videocassette
📽,Film Projector
📾,Portable Stereo
📿,Prayer Beads
🔀,Twisted Rightwards Arrows
🔁,Clockwise Rightwards And Leftwards Open Circle Arrows
🔂,Clockwise Rightwards And Leftwards Open Circle Arrows With Circled One Overlay
🔃,Clockwise Downwards And Upwards Open Circle Arrows
🔄,Anticlockwise Downwards And Upwards Open Circle Arrows
🔅,Low Brightness Symbol
🔆,High Brightness Symbol
🔇,Speaker With Cancellation Stroke
🔈,Speaker
🔉,Speaker With One Sound Wave
🔊,Speaker With Three Sound Waves
🔋,Battery
🔌,Electric Plug
🔍,Left-Pointing Magnifying Glass
🔎,Right-Pointing Magnifying Glass
🔏,Lock With Ink Pen
🔐,Closed Lock With Key
🔑,Key
🔒,Lock
🔓,Open Lock
🔔,Bell
🔕,Bell With Cancellation Stroke
🔖,Bookmark
🔗,Link Symbol
🔘,Radio Button
🔙,Back With Leftwards Arrow Above
🔚,End With Leftwards Arrow Above
🔛,On With Exclamation Mark With Left Right Arrow Above
🔜,Soon With Rightwards Arrow Above
🔝,Top With Upwards Arrow Above
🔞,No One Under Eighteen Symbol
🔟,Keycap Ten
🔠,Input Symbol For Latin Capital Letters
🔡,Input Symbol For Latin Small Letters
🔢,Input Symbol For Numbers
🔣,Input Symbol For Symbols
🔤,Input Symbol For Latin Letters
🔥,Fire
🔦,Electric Torch
🔧,Wrench
🔨,Hammer
🔩,Nut And Bolt
🔪,Hocho
🔫,Pistol
🔬,Microscope
🔭,Telescope
🔮,Crystal Ball
🔯,Six Pointed Star With Middle Dot
🔰,Japanese Symbol For Beginner
🔱,Trident Emblem
🔲,Black Square Button
🔳,White Square Button
🔴,Large Red Circle
🔵,Large Blue Circle
🔶,Large Orange Diamond
🔷,Large Blue Diamond
🔸,Small Orange Diamond
🔹,Small Blue Diamond
🔺,Up-Pointing Red Triangle
🔻,Down-Pointing Red Triangle
🔼,Up-Pointing Small Red Triangle
🔽,Down-Pointing Small Red Triangle
🔾,Lower Right Shadowed White Circle
🔿,Upper Right Shadowed White Circle
🕀,Circled Cross Pommee
🕁,Cross Pommee With Half-Circle Below
🕂,Cross Pommee
🕃,Notched Left Semicircle With Three Dots
🕄,Notched Right Semicircle With Three Dots
🕅,Symbol For Marks Chapter
🕆,White Latin Cross
🕇,Heavy Latin Cross
🕈,Celtic Cross
🕉,Om Symbol
🕊,Dove Of Peace
🕋,Kaaba
🕌,Mosque
🕍,Synagogue
🕎,Menorah With Nine Branches
🕏,Bowl Of Hygieia
🕐,Clock Face One Oclock
🕑,Clock Face Two Oclock
🕒,Clock Face Three Oclock
🕓,Clock Face Four Oclock
🕔,Clock Face Five Oclock
🕕,Clock Face Six Oclock
🕖,Clock Face Seven Oclock
🕗,Clock Face Eight Oclock
🕘,Clock Face Nine Oclock
🕙,Clock Face Ten Oclock
🕚,Clock Face Eleven Oclock
🕛,Clock Face Twelve Oclock
🕜,Clock Face One-Thirty
🕝,Clock Face Two-Thirty
🕞,Clock Face Three-Thirty
🕟,Clock Face Four-Thirty
🕠,Clock Face Five-Thirty
🕡,Clock Face Six-Thirty
🕢,Clock Face Seven-Thirty
🕣,Clock Face Eight-Thirty
🕤,Clock Face Nine-Thirty
🕥,Clock Face Ten-Thirty
🕦,Clock Face Eleven-Thirty
🕧,Clock Face Twelve-Thirty
🕨,Right Speaker
🕩,Right Speaker With One Sound Wave
🕪,Right Speaker With Three Sound Waves
🕫,Bullhorn
🕬,Bullhorn With Sound Waves
🕭,Ringing Bell
🕮,Book
🕯,Candle
🕰,Mantelpiece Clock
🕱,Black Skull And Crossbones
🕲,No Piracy
🕳,Hole
🕴,Man In Business Suit Levitating
🕵,Sleuth Or Spy
🕶,Dark Sunglasses
🕷,Spider
🕸,Spider Web
🕹,Joystick
🕺,Man Dancing
🕻,Left Hand Telephone Receiver
🕼,Telephone Receiver With Page
🕽,Right Hand Telephone Receiver
🕾,White Touchtone Telephone
🕿,Black Touchtone Telephone
🖀,Telephone On Top Of Modem
🖁,Clamshell Mobile Phone
🖂,Back Of Envelope
🖃,Stamped Envelope
🖄,Envelope With Lightning
🖅,Flying Envelope
🖆,Pen Over Stamped Envelope
🖇,Linked Paperclips
🖈,Black Pushpin
🖉,Lower Left Pencil
🖊,Lower Left Ballpoint Pen
🖋,Lower Left Fountain Pen
🖌,Lower Left Paintbrush
🖍,Lower Left Crayon
🖎,Left Writing Hand
🖏,Turned Ok Hand Sign
🖐,Raised Hand With Fingers Splayed
🖑,Reversed Raised Hand With Fingers Splayed
🖒,Reversed Thumbs Up Sign
🖓,Reversed Thumbs Down Sign
🖔,Reversed Victory Hand
🖕,Reversed Hand With Middle Finger Extended
🖖,Raised Hand With Part Between Middle And Ring Fingers
🖗,White Down Pointing Left Hand Index
🖘,Sideways White Left Pointing Index
🖙,Sideways White Right Pointing Index
🖚,Sideways Black Left Pointing Index
🖛,Sideways Black Right Pointing Index
🖜,Black Left Pointing Backhand Index
🖝,Black Right Pointing Backhand Index
🖞,Sideways White Up Pointing Index
🖟,Sideways White Down Pointing Index
🖠,Sideways Black Up Pointing Index
🖡,Sideways Black Down Pointing Index
🖢,Black Up Pointing Backhand Index
🖣,Black Down Pointing Backhand Index
🖤,Black Heart
🖥,Desktop Computer
🖦,Keyboard And Mouse
🖧,Three Networked Computers
🖨,Printer
🖩,Pocket Calculator
🖪,Black Hard Shell Floppy Disk
🖫,White Hard Shell Floppy Disk
🖬,Soft Shell Floppy Disk
🖭,Tape Cartridge
🖮,Wired Keyboard
🖯,One Button Mouse
🖰,Two Button Mouse
🖱,Three Button Mouse
🖲,Trackball
🖳,Old Personal Computer
🖴,Hard Disk
🖵,Screen
🖶,Printer Icon
🖷,Fax Icon
🖸,Optical Disc Icon
🖹,Document With Text
🖺,Document With Text And Picture
🖻,Document With Picture
🖼,Frame With Picture
🖽,Frame With Tiles
🖾,Frame With An X
🖿,Black Folder
🗀,Folder
🗁,Open Folder
🗂,Card Index Dividers
🗃,Card File Box
🗄,File Cabinet
🗅,Empty Note
🗆,Empty Note Page
🗇,Empty Note Pad
🗈,Note
🗉,Note Page
🗊,Note Pad
🗋,Empty Document
🗌,Empty Page
🗍,Empty Pages
🗎,Document
🗏,Page
🗐,Pages
🗑,Wastebasket
🗒,Spiral Note Pad
🗓,Spiral Calendar Pad
🗔,Desktop Window
🗕,Minimize
🗖,Maximize
🗗,Overlap
🗘,Clockwise Right And Left Semicircle Arrows
🗙,Cancellation X
🗚,Increase Font Size Symbol
🗛,Decrease Font Size Symbol
🗜,Compression
🗝,Old Key
🗞,Rolled-Up Newspaper
🗟,Page With Circled Text
🗠,Stock Chart
🗡,Dagger Knife
🗢,Lips
🗣,Speaking Head In Silhouette
🗤,Three Rays Above
🗥,Three Rays Below
🗦,Three Rays Left
🗧,Three Rays Right
🗨,Left Speech Bubble
🗩,Right Speech Bubble
🗪,Two Speech Bubbles
🗫,Three Speech Bubbles
🗬,Left Thought Bubble
🗭,Right Thought Bubble
🗮,Left Anger Bubble
🗯,Right Anger Bubble
🗰,Mood Bubble
🗱,Lightning Mood Bubble
🗲,Lightning Mood
🗳,Ballot Box With Ballot
🗴,Ballot Script X
🗵,Ballot Box With Script X
🗶,Ballot Bold Script X
🗷,Ballot Box With Bold Script X
🗸,Light Check Mark
🗹,Ballot Box With Bold Check
🗺,World Map
🗻,Mount Fuji
🗼,Tokyo Tower
🗽,Statue Of Liberty
🗾,Silhouette Of Japan
🗿,Moyai
🤀,Circled Cross Formee With Four Dots
🤁,Circled Cross Formee With Two Dots
🤂,Circled Cross Formee
🤃,Left Half Circle With Four Dots
🤄,Left Half Circle With Three Dots
🤅,Left Half Circle With Two Dots
🤆,Left Half Circle With Dot
🤇,Left Half Circle
🤈,Downward Facing Hook
🤉,Downward Facing Notched Hook
🤊,Downward Facing Hook With Dot
🤋,Downward Facing Notched Hook With Dot
🤌,Pinched Fingers
🤍,White Heart
🤎,Brown Heart
🤏,Pinching Hand
🤐,Zipper-Mouth Face
🤑,Money-Mouth Face
🤒,Face With Thermometer
🤓,Nerd Face
🤔,Thinking Face
🤕,Face With Head-Bandage
🤖,Robot Face
🤗,Hugging Face
🤘,Sign Of The Horns
🤙,Call Me Hand
🤚,Raised Back Of Hand
🤛,Left-Facing Fist
🤜,Right-Facing Fist
🤝,Handshake
🤞,Hand With Index And Middle Fingers Crossed
🤟,I Love You Hand Sign
🤠,Face With Cowboy Hat
🤡,Clown Face
🤢,Nauseated Face
🤣,Rolling On The Floor Laughing
🤤,Drooling Face
🤥,Lying Face
🤦,Face Palm
🤧,Sneezing Face
🤨,Face With One Eyebrow Raised
🤩,Grinning Face With Star Eyes
🤪,Grinning Face With One Large And One Small Eye
🤫,Face With Finger Covering Closed Lips
🤬,Serious Face With Symbols Covering Mouth
🤭,Smiling Face With Smiling Eyes And Hand Covering Mouth
🤮,Face With Open Mouth Vomiting
🤯,Shocked Face With Exploding Head
🤰,Pregnant Woman
🤱,Breast-Feeding
🤲,Palms Up Together
🤳,Selfie
🤴,Prince
🤵,Man In Tuxedo
🤶,Mother Christmas
🤷,Shrug
🤸,Person Doing Cartwheel
🤹,Juggling
🤺,Fencer
🤻,Modern Pentathlon
🤼,Wrestlers
🤽,Water Polo
🤾,Handball
🤿,Diving Mask
🥀,Wilted Flower
🥁,Drum With Drumsticks
🥂,Clinking Glasses
🥃,Tumbler Glass
🥄,Spoon
🥅,Goal Net
🥆,Rifle
🥇,First Place Medal
🥈,Second Place Medal
🥉,Third Place Medal
🥊,Boxing Glove
🥋,Martial Arts Uniform
🥌,Curling Stone
🥍,Lacrosse Stick And Ball
🥎,Softball
🥏,Flying Disc
🥐,Croissant
🥑,Avocado
🥒,Cucumber
🥓,Bacon
🥔,Potato
🥕,Carrot
🥖,Baguette Bread
🥗,Green Salad
🥘,Shallow Pan Of Food
🥙,Stuffed Flatbread
🥚,Egg
🥛,Glass Of Milk
🥜,Peanuts
🥝,Kiwifruit
🥞,Pancakes
🥟,Dumpling
🥠,Fortune Cookie
🥡,Takeout Box
🥢,Chopsticks
🥣,Bowl With Spoon
🥤,Cup With Straw
🥥,Coconut
🥦,Broccoli
🥧,Pie
🥨,Pretzel
🥩,Cut Of Meat
🥪,Sandwich
🥫,Canned Food
🥬,Leafy Green
🥭,Mango
🥮,Moon Cake
🥯,Bagel
🥰,Smiling Face With Smiling Eyes And Three Hearts
🥱,Yawning Face
🥲,Smiling Face With Tear
🥳,Face With Party Horn And Party Hat
🥴,Face With Uneven Eyes And Wavy Mouth
🥵,Overheated Face
🥶,Freezing Face
🥷,Ninja
🥸,Disguised Face
🥹,Face Holding Back Tears
🥺,Face With Pleading Eyes
🥻,Sari
🥼,Lab Coat
🥽,Goggles
🥾,Hiking Boot
🥿,Flat Shoe
🦀,Crab
🦁,Lion Face
🦂,Scorpion
🦃,Turkey
🦄,Unicorn Face
🦅,Eagle
🦆,Duck
🦇,Bat
🦈,Shark
🦉,Owl
🦊,Fox Face
🦋,Butterfly
🦌,Deer
🦍,Gorilla
🦎,Lizard
🦏,Rhinoceros
🦐,Shrimp
🦑,Squid
🦒,Giraffe Face
🦓,Zebra Face
🦔,Hedgehog
🦕,Sauropod
🦖,T-Rex
🦗,Cricket
🦘,Kangaroo
🦙,Llama
🦚,Peacock
🦛,Hippopotamus
🦜,Parrot
🦝,Raccoon
🦞,Lobster
🦟,Mosquito
🦠,Microbe
🦡,Badger
🦢,Swan
🦣,Mammoth
🦤,Dodo
🦥,Sloth
🦦,Otter
🦧,Orangutan
🦨,Skunk
🦩,Flamingo
🦪,Oyster
🦫,Beaver
🦬,Bison
🦭,Seal
🦮,Guide Dog
🦯,Probing Cane
🦰,Emoji Component Red Hair
🦱,Emoji Component Curly Hair
🦲,Emoji Component Bald
🦳,Emoji Component White Hair
🦴,Bone
🦵,Leg
🦶,Foot
🦷,Tooth
🦸,Superhero
🦹,Supervillain
🦺,Safety Vest
🦻,Ear With Hearing Aid
🦼,Motorized Wheelchair
🦽,Manual Wheelchair
🦾,Mechanical Arm
🦿,Mechanical Leg
🧀,Cheese Wedge
🧁,Cupcake
🧂,Salt Shaker
🧃,Beverage Box
🧄,Garlic
🧅,Onion
🧆,Falafel
🧇,Waffle
🧈,Butter
🧉,Mate Drink
🧊,Ice Cube
🧋,Bubble Tea
🧌,Troll
🧍,Standing Person
🧎,Kneeling Person
🧏,Deaf Person
🧐,Face With Monocle
🧑,Adult
🧒,Child
🧓,Older Adult
🧔,Bearded Person
🧕,Person With Headscarf
🧖,Person In Steamy Room
🧗,Person Climbing
🧘,Person In Lotus Position
🧙,Mage
🧚,Fairy
🧛,Vampire
🧜,Merperson
🧝,Elf
🧞,Genie
🧟,Zombie
🧠,Brain
🧡,Orange Heart
🧢,Billed Cap
🧣,Scarf
🧤,Gloves
🧥,Coat
🧦,Socks
🧧,Red Gift Envelope
🧨,Firecracker
🧩,Jigsaw Puzzle Piece
🧪,Test Tube
🧫,Petri Dish
🧬,Dna Double Helix
🧭,Compass
🧮,Abacus
🧯,Fire Extinguisher
🧰,Toolbox
🧱,Brick
🧲,Magnet
🧳,Luggage
🧴,Lotion Bottle
🧵,Spool Of Thread
🧶,Ball Of Yarn
🧷,Safety Pin
🧸,Teddy Bear
🧹,Broom
🧺,Basket
🧻,Roll Of Paper
🧼,Bar Of Soap
🧽,Sponge
🧾,Receipt
🧿,Nazar Amulet
🩰,Ballet Shoes
🩱,One-Piece Swimsuit
🩲,Briefs
🩳,Shorts
🩴,Thong Sandal
🩵,Light Blue Heart
🩶,Grey Heart
🩷,Pink Heart
🩸,Drop Of Blood
🩹,Adhesive Bandage
🩺,Stethoscope
🩻,X-Ray
🩼,Crutch
🪀,Yo-Yo
🪁,Kite
🪂,Parachute
🪃,Boomerang
🪄,Magic Wand
🪅,Pinata
🪆,Nesting Dolls
🪇,Maracas
🪈,Flute
🪐,Ringed Planet
🪑,Chair
🪒,Razor
🪓,Axe
🪔,Diya Lamp
🪕,Banjo
🪖,Military Helmet
🪗,Accordion
🪘,Long Drum
🪙,Coin
🪚,Carpentry Saw
🪛,Screwdriver
🪜,Ladder
🪝,Hook
🪞,Mirror
🪟,Window
🪠,Plunger
🪡,Sewing Needle
🪢,Knot
🪣,Bucket
🪤,Mouse Trap
🪥,Toothbrush
🪦,Headstone
🪧,Placard
🪨,Rock
🪩,Mirror Ball
🪪,Identification Card
🪫,Low Battery
🪬,Hamsa
🪭,Folding Hand Fan
🪮,Hair Pick
🪯,Khanda
🪰,Fly
🪱,Worm
🪲,Beetle
🪳,Cockroach
🪴,Potted Plant
🪵,Wood
🪶,Feather
🪷,Lotus
🪸,Coral
🪹,Empty Nest
🪺,Nest With Eggs
🪻,Hyacinth
🪼,Jellyfish
🪽,Wing
🪿,Goose
🫀,Anatomical Heart
🫁,Lungs
🫂,People Hugging
🫃,Pregnant Man
🫄,Pregnant Person
🫅,Person With Crown
🫎,Moose
🫏,Donkey
🫐,Blueberries
🫑,Bell Pepper
🫒,Olive
🫓,Flatbread
🫔,Tamale
🫕,Fondue
🫖,Teapot
🫗,Pouring Liquid
🫘,Beans
🫙,Jar
🫚,Ginger Root
🫛,Pea Pod
🫠,Melting Face
🫡,Saluting Face
🫢,Face With Open Eyes And Hand Over Mouth
🫣,Face With Peeking Eye
🫤,Face With Diagonal Mouth
🫥,Dotted Line Face
🫦,Biting Lip
🫧,Bubbles
🫨,Shaking Face
🫰,Hand With Index Finger And Thumb Crossed
🫱,Rightwards Hand
🫲,Leftwards Hand
🫳,Palm Down Hand
🫴,Palm Up Hand
🫵,Index Pointing At The Viewer
🫶,Heart Hands
🫷,Leftwards Pushing Hand
🫸,Rightwards Pushing Hand
🚀,Rocket
🚁,Helicopter
🚂,Steam Locomotive
🚃,Railway Car
🚄,High-Speed Train
🚅,High-Speed Train With Bullet Nose
🚆,Train
🚇,Metro
🚈,Light Rail
🚉,Station
🚊,Tram
🚋,Tram Car
🚌,Bus
🚍,Oncoming Bus
🚎,Trolleybus
🚏,Bus Stop
🚐,Minibus
🚑,Ambulance
🚒,Fire Engine
🚓,Police Car
🚔,Oncoming Police Car
🚕,Taxi
🚖,Oncoming Taxi
🚗,Automobile
🚘,Oncoming Automobile
🚙,Recreational Vehicle
🚚,Delivery Truck
🚛,Articulated Lorry
🚜,Tractor
🚝,Monorail
🚞,Mountain Railway
🚟,Suspension Railway
🚠,Mountain Cableway
🚡,Aerial Tramway
🚢,Ship
🚣,Rowboat
🚤,Speedboat
🚥,Horizontal Traffic Light
🚦,Vertical Traffic Light
🚧,Construction Sign
🚨,Police Cars Revolving Light
🚩,Triangular Flag On Post
🚪,Door
🚫,No Entry Sign
🚬,Smoking Symbol
🚭,No Smoking Symbol
🚮,Put Litter In Its Place Symbol
🚯,Do Not Litter Symbol
🚰,Potable Water Symbol
🚱,Non-Potable Water Symbol
🚲,Bicycle
🚳,No Bicycles
🚴,Bicyclist
🚵,Mountain Bicyclist
🚶,Pedestrian
🚷,No Pedestrians
🚸,Children Crossing
🚹,Mens Symbol
🚺,Womens Symbol
🚻,Restroom
🚼,Baby Symbol
🚽,Toilet
🚾,Water Closet
🚿,Shower
🛀,Bath
🛁,Bathtub
🛂,Passport Control
🛃,Customs
🛄,Baggage Claim
🛅,Left Luggage
🛆,Triangle With Rounded Corners
🛇,Prohibited Sign
🛈,Circled Information Source
🛉,Boys Symbol
🛊,Girls Symbol
🛋,Couch And Lamp
🛌,Sleeping Accommodation
🛍,Shopping Bags
🛎,Bellhop Bell
🛏,Bed
🛐,Place Of Worship
🛑,Octagonal Sign
🛒,Shopping Trolley
🛓,Stupa
🛔,Pagoda
🛕,Hindu Temple
🛖,Hut
🛗,Elevator
🛜,Wireless
🛝,Playground Slide
🛞,Wheel
🛟,Ring Buoy
🛠,Hammer And Wrench
🛡,Shield
🛢,Oil Drum
🛣,Motorway
🛤,Railway Track
🛥,Motor Boat
🛦,Up-Pointing Military Airplane
🛧,Up-Pointing Airplane
🛨,Up-Pointing Small Airplane
🛩,Small Airplane
🛪,Northeast-Pointing Airplane
🛫,Airplane Departure
🛬,Airplane Arriving
🛰,Satellite
🛱,Oncoming Fire Engine
🛲,Diesel Locomotive
🛳,Passenger Ship
🛴,Scooter
🛵,Motor Scooter
🛶,Canoe
🛷,Sled
🛸,Flying Saucer
🛹,Skateboard
🛺,Auto Rickshaw
🛻,Pickup Truck
🛼,Roller Skate
☀,Black Sun With Rays
☁,Cloud
☂,Umbrella
☃,Snowman
☄,Comet
★,Black Star
☆,White Star
☇,Lightning
☈,Thunderstorm
☉,Sun
☊,Ascending Node
☋,Descending Node
☌,Conjunction
☍,Opposition
☎,Black Telephone
☏,White Telephone
☐,Ballot Box
☑,Ballot Box With Check
☒,Ballot Box With X
☓,Saltire
☔,Umbrella With Rain Drops
☕,Hot Beverage
☖,White Shogi Piece
☗,Black Shogi Piece
☘,Shamrock
☙,Reversed Rotated Floral Heart Bullet
☚,Black Left Pointing Index
☛,Black Right Pointing Index
☜,White Left Pointing Index
☝,White Up Pointing Index
☞,White Right Pointing Index
☟,White Down Pointing Index
☠,Skull And Crossbones
☡,Caution Sign
☢,Radioactive Sign
☣,Biohazard Sign
☤,Caduceus
☥,Ankh
☦,Orthodox Cross
☧,Chi Rho
☨,Cross Of Lorraine
☩,Cross Of Jerusalem
☪,Star And Crescent
☫,Farsi Symbol
☬,Adi Shakti
☭,Hammer And Sickle
☮,Peace Symbol
☯,Yin Yang
☰,Trigram For Heaven
☱,Trigram For Lake
☲,Trigram For Fire
☳,Trigram For Thunder
☴,Trigram For Wind
☵,Trigram For Water
☶,Trigram For Mountain
☷,Trigram For Earth
☸,Wheel Of Dharma
☹,White Frowning Face
☺,White Smiling Face
☻,Black Smiling Face
☼,White Sun With Rays
☽,First Quarter Moon
☾,Last Quarter Moon
☿,Mercury
♀,Female Sign
♁,Earth
♂,Male Sign
♃,Jupiter
♄,Saturn
♅,Uranus
♆,Neptune
♇,Pluto
♈,Aries
♉,Taurus
♊,Gemini
♋,Cancer
♌,Leo
♍,Virgo
♎,Libra
♏,Scorpius
♐,Sagittarius
♑,Capricorn
♒,Aquarius
♓,Pisces
♔,White Chess King
♕,White Chess Queen
♖,White Chess Rook
♗,White Chess Bishop
♘,White Chess Knight
♙,White Chess Pawn
♚,Black Chess King
♛,Black Chess Queen
♜,Black Chess Rook
♝,Black Chess Bishop
♞,Black Chess Knight
♟,Black Chess Pawn
♠,Black Spade Suit
♡,White Heart Suit
♢,White Diamond Suit
♣,Black Club Suit
♤,White Spade Suit
♥,Black Heart Suit
♦,Black Diamond Suit
♧,White Club Suit
♨,Hot Springs
♩,Quarter Note
♪,Eighth Note
♫,Beamed Eighth Notes
♬,Beamed Sixteenth Notes
♭,Music Flat Sign
♮,Music Natural Sign
♯,Music Sharp Sign
♰,West Syriac Cross
♱,East Syriac Cross
♲,Universal Recycling Symbol
♳,Recycling Symbol For Type-1 Plastics
♴,Recycling Symbol For Type-2 Plastics
♵,Recycling Symbol For Type-3 Plastics
♶,Recycling Symbol For Type-4 Plastics
♷,Recycling Symbol For Type-5 Plastics
♸,Recycling Symbol For Type-6 Plastics
♹,Recycling Symbol For Type-7 Plastics
♺,Recycling Symbol For Generic Materials
♻,Black Universal Recycling Symbol
♼,Recycled Paper Symbol
♽,Partially-Recycled Paper Symbol
♾,Permanent Paper Sign
♿,Wheelchair Symbol
⚀,Die Face-1
⚁,Die Face-2
⚂,Die Face-3
⚃,Die Face-4
⚄,Die Face-5
⚅,Die Face-6
⚆,White Circle With Dot Right
⚇,White Circle With Two Dots
⚈,Black Circle With White Dot Right
⚉,Black Circle With Two White Dots
⚊,Monogram For Yang
⚋,Monogram For Yin
⚌,Digram For Greater Yang
⚍,Digram For Lesser Yin
⚎,Digram For Lesser Yang
⚏,Digram For Greater Yin
⚐,White Flag
⚑,Black Flag
⚒,Hammer And Pick
⚓,Anchor
⚔,Crossed Swords
⚕,Staff Of Aesculapius
⚖,Scales
⚗,Alembic
⚘,Flower
⚙,Gear
⚚,Staff Of Hermes
⚛,Atom Symbol
⚜,Fleur-De-Lis
⚝,Outlined White Star
⚞,Three Lines Converging Right
⚟,Three Lines Converging Left
⚠,Warning Sign
⚡,High Voltage Sign
⚢,Doubled Female Sign
⚣,Doubled Male Sign
⚤,Interlocked Female And Male Sign
⚥,Male And Female Sign
⚦,Male With Stroke Sign
⚧,Male With Stroke And Male And Female Sign
⚨,Vertical Male With Stroke Sign
⚩,Horizontal Male With Stroke Sign
⚪,Medium White Circle
⚫,Medium Black Circle
⚬,Medium Small White Circle
⚭,Marriage Symbol
⚮,Divorce Symbol
⚯,Unmarried Partnership Symbol
⚰,Coffin
⚱,Funeral Urn
⚲,Neuter
⚳,Ceres
⚴,Pallas
⚵,Juno
⚶,Vesta
⚷,Chiron
⚸,Black Moon Lilith
⚹,Sextile
⚺,Semisextile
⚻,Quincunx
⚼,Sesquiquadrate
⚽,Soccer Ball
⚾,Baseball
⚿,Squared Key
⛀,White Draughts Man
⛁,White Draughts King
⛂,Black Draughts Man
⛃,Black Draughts King
⛄,Snowman Without Snow
⛅,Sun Behind Cloud
⛆,Rain
⛇,Black Snowman
⛈,Thunder Cloud And Rain
⛉,Turned White Shogi Piece
⛊,Turned Black Shogi Piece
⛋,White Diamond In Square
⛌,Crossing Lanes
⛍,Disabled Car
⛎,Ophiuchus
⛏,Pick
⛐,Car Sliding
⛑,Helmet With White Cross
⛒,Circled Crossing Lanes
⛓,Chains
⛔,No Entry
⛕,Alternate One-Way Left Way Traffic
⛖,Black Two-Way Left Way Traffic
⛗,White Two-Way Left Way Traffic
⛘,Black Left Lane Merge
⛙,White Left Lane Merge
⛚,Drive Slow Sign
⛛,Heavy White Down-Pointing Triangle
⛜,Left Closed Entry
⛝,Squared Saltire
⛞,Falling Diagonal In White Circle In Black Square
⛟,Black Truck
⛠,Restricted Left Entry-1
⛡,Restricted Left Entry-2
⛢,Astronomical Symbol For Uranus
⛣,Heavy Circle With Stroke And Two Dots Above
⛤,Pentagram
⛥,Right-Handed Interlaced Pentagram
⛦,Left-Handed Interlaced Pentagram
⛧,Inverted Pentagram
⛨,Black Cross On Shield
⛩,Shinto Shrine
⛪,Church
⛫,Castle
⛬,Historic Site
⛭,Gear Without Hub
⛮,Gear With Handles
⛯,Map Symbol For Lighthouse
⛰,Mountain
⛱,Umbrella On Ground
⛲,Fountain
⛳,Flag In Hole
⛴,Ferry
⛵,Sailboat
⛶,Square Four Corners
⛷,Skier
⛸,Ice Skate
⛹,Person With Ball
⛺,Tent
⛻,Japanese Bank Symbol
⛼,Headstone Graveyard Symbol
⛽,Fuel Pump
⛾,Cup On Black Square
⛿,White Flag With Horizontal Middle Black Stripe
✀,Black Safety Scissors
✁,Upper Blade Scissors
✂,Black Scissors
✃,Lower Blade Scissors
✄,White Scissors
✅,White Heavy Check Mark
✆,Telephone Location Sign
✇,Tape Drive
✈,Airplane
✉,Envelope
✊,Raised Fist
✋,Raised Hand
✌,Victory Hand
✍,Writing Hand
✎,Lower Right Pencil
✏,Pencil
✐,Upper Right Pencil
✑,White Nib
✒,Black Nib
✓,Check Mark
✔,Heavy Check Mark
✕,Multiplication X
✖,Heavy Multiplication X
✗,Ballot X
✘,Heavy Ballot X
✙,Outlined Greek Cross
✚,Heavy Greek Cross
✛,Open Centre Cross
✜,Heavy Open Centre Cross
✝,Latin Cross
✞,Shadowed White Latin Cross
✟,Outlined Latin Cross
✠,Maltese Cross
✡,Star Of David
✢,Four Teardrop-Spoked Asterisk
✣,Four Balloon-Spoked Asterisk
✤,Heavy Four Balloon-Spoked Asterisk
✥,Four Club-Spoked Asterisk
✦,Black Four Pointed Star
✧,White Four Pointed Star
✨,Sparkles
✩,Stress Outlined White Star
✪,Circled White Star
✫,Open Centre Black Star
✬,Black Centre White Star
✭,Outlined Black Star
✮,Heavy Outlined Black Star
✯,Pinwheel Star
✰,Shadowed White Star
✱,Heavy Asterisk
✲,Open Centre Asterisk
✳,Eight Spoked Asterisk
✴,Eight Pointed Black Star
✵,Eight Pointed Pinwheel Star
✶,Six Pointed Black Star
✷,Eight Pointed Rectilinear Black Star
✸,Heavy Eight Pointed Rectilinear Black Star
✹,Twelve Pointed Black Star
✺,Sixteen Pointed Asterisk
✻,Teardrop-Spoked Asterisk
✼,Open Centre Teardrop-Spoked Asterisk
✽,Heavy Teardrop-Spoked Asterisk
✾,Six Petalled Black And White Florette
✿,Black Florette
❀,White Florette
❁,Eight Petalled Outlined Black Florette
❂,Circled Open Centre Eight Pointed Star
❃,Heavy Teardrop-Spoked Pinwheel Asterisk
❄,Snowflake
❅,Tight Trifoliate Snowflake
❆,Heavy Chevron Snowflake
❇,Sparkle
❈,Heavy Sparkle
❉,Balloon-Spoked Asterisk
❊,Eight Teardrop-Spoked Propeller Asterisk
❋,Heavy Eight Teardrop-Spoked Propeller Asterisk
❌,Cross Mark
❍,Shadowed White Circle
❎,Negative Squared Cross Mark
❏,Lower Right Drop-Shadowed White Square
❐,Upper Right Drop-Shadowed White Square
❑,Lower Right Shadowed White Square
❒,Upper Right Shadowed White Square
❓,Black Question Mark Ornament
❔,White Question Mark Ornament
❕,White Exclamation Mark Ornament
❖,Black Diamond Minus White X
❗,Heavy Exclamation Mark Symbol
❘,Light Vertical Bar
❙,Medium Vertical Bar
❚,Heavy Vertical Bar
❛,Heavy Single Turned Comma Quotation Mark Ornament
❜,Heavy Single Comma Quotation Mark Ornament
❝,Heavy Double Turned Comma Quotation Mark Ornament
❞,Heavy Double Comma Quotation Mark Ornament
❟,Heavy Low Single Comma Quotation Mark Ornament
❠,Heavy Low Double Comma Quotation Mark Ornament
❡,Curved Stem Paragraph Sign Ornament
❢,Heavy Exclamation Mark Ornament
❣,Heavy Heart Exclamation Mark Ornament
❤,Heavy Black Heart
❥,Rotated Heavy Black Heart Bullet
❦,Floral Heart
❧,Rotated Floral Heart Bullet
❨,Medium Left Parenthesis Ornament
❩,Medium Right Parenthesis Ornament
❪,Medium Flattened Left Parenthesis Ornament
❫,Medium Flattened Right Parenthesis Ornament
❬,Medium Left-Pointing Angle Bracket Ornament
❭,Medium Right-Pointing Angle Bracket Ornament
❮,Heavy Left-Pointing Angle Quotation Mark Ornament
❯,Heavy Right-Pointing Angle Quotation Mark Ornament
❰,Heavy Left-Pointing Angle Bracket Ornament
❱,Heavy Right-Pointing Angle Bracket Ornament
❲,Light Left Tortoise Shell Bracket Ornament
❳,Light Right Tortoise Shell Bracket Ornament
❴,Medium Left Curly Bracket Ornament
❵,Medium Right Curly Bracket Ornament
❶,Dingbat Negative Circled Digit One
❷,Dingbat Negative Circled Digit Two
❸,Dingbat Negative Circled Digit Three
❹,Dingbat Negative Circled Digit Four
❺,Dingbat Negative Circled Digit Five
❻,Dingbat Negative Circled Digit Six
❼,Dingbat Negative Circled Digit Seven
❽,Dingbat Negative Circled Digit Eight
❾,Dingbat Negative Circled Digit Nine
❿,Dingbat Negative Circled Number Ten
➀,Dingbat Circled Sans-Serif Digit One
➁,Dingbat Circled Sans-Serif Digit Two
➂,Dingbat Circled Sans-Serif Digit Three
➃,Dingbat Circled Sans-Serif Digit Four
➄,Dingbat Circled Sans-Serif Digit Five
➅,Dingbat Circled Sans-Serif Digit Six
➆,Dingbat Circled Sans-Serif Digit Seven
➇,Dingbat Circled Sans-Serif Digit Eight
➈,Dingbat Circled Sans-Serif Digit Nine
➉,Dingbat Circled Sans-Serif Number Ten
➊,Dingbat Negative Circled Sans-Serif Digit One
➋,Dingbat Negative Circled Sans-Serif Digit Two
➌,Dingbat Negative Circled Sans-Serif Digit Three
➍,Dingbat Negative Circled Sans-Serif Digit Four
➎,Dingbat Negative Circled Sans-Serif Digit Five
➏,Dingbat Negative Circled Sans-Serif Digit Six
➐,Dingbat Negative Circled Sans-Serif Digit Seven
➑,Dingbat Negative Circled Sans-Serif Digit Eight
➒,Dingbat Negative Circled Sans-Serif Digit Nine
➓,Dingbat Negative Circled Sans-Serif Number Ten
➔,Heavy Wide-Headed Rightwards Arrow
➕,Heavy Plus Sign
➖,Heavy Minus Sign
➗,Heavy Division Sign
➘,Heavy South East Arrow
➙,Heavy Rightwards Arrow
➚,Heavy North East Arrow
➛,Drafting Point Rightwards Arrow
➜,Heavy Round-Tipped Rightwards Arrow
➝,Triangle-Headed Rightwards Arrow
➞,Heavy Triangle-Headed Rightwards Arrow
➟,Dashed Triangle-Headed Rightwards Arrow
➠,Heavy Dashed Triangle-Headed Rightwards Arrow
➡,Black Rightwards Arrow
➢,Three-D Top-Lighted Rightwards Arrowhead
➣,Three-D Bottom-Lighted Rightwards Arrowhead
➤,Black Rightwards Arrowhead
➥,Heavy Black Curved Downwards And Rightwards Arrow
➦,Heavy Black Curved Upwards And Rightwards Arrow
➧,Squat Black Rightwards Arrow
➨,Heavy Concave-Pointed Black Rightwards Arrow
➩,Right-Shaded White Rightwards Arrow
➪,Left-Shaded White Rightwards Arrow
➫,Back-Tilted Shadowed White Rightwards Arrow
➬,Front-Tilted Shadowed White Rightwards Arrow
➭,Heavy Lower Right-Shadowed White Rightwards Arrow
➮,Heavy Upper Right-Shadowed White Rightwards Arrow
➯,Notched Lower Right-Shadowed White Rightwards Arrow
➰,Curly Loop
➱,Notched Upper Right-Shadowed White Rightwards Arrow
➲,Circled Heavy White Rightwards Arrow
➳,White-Feathered Rightwards Arrow
➴,Black-Feathered South East Arrow
➵,Black-Feathered Rightwards Arrow
➶,Black-Feathered North East Arrow
➷,Heavy Black-Feathered South East Arrow
➸,Heavy Black-Feathered Rightwards Arrow
➹,Heavy Black-Feathered North East Arrow
➺,Teardrop-Barbed Rightwards Arrow
➻,Heavy Teardrop-Shanked Rightwards Arrow
➼,Wedge-Tailed Rightwards Arrow
➽,Heavy Wedge-Tailed Rightwards Arrow
➾,Open-Outlined Rightwards Arrow
➿,Double Curly Loop
